<html><head><title>MariaDB Fun</title><meta content="text/html; charset=UTF-8" http-equiv="content-type"><style type="text/css">@import url('https://themes.googleusercontent.com/fonts/css?kit=lBgc4_w0HcSQmf78plBdytHNwZXh3I6SjEso734LpDDSJcRYNYNjqwQYuH5jeuSLmILm2B6OSkJrMHZC2zepFHoGXd5zch_EW0xCA0bKmWM');ol.lst-kix_ni9vfmhdf25p-4{list-style-type:none}ol.lst-kix_ni9vfmhdf25p-3{list-style-type:none}ol.lst-kix_ni9vfmhdf25p-6.start{counter-reset:lst-ctn-kix_ni9vfmhdf25p-6 0}ol.lst-kix_ni9vfmhdf25p-2{list-style-type:none}ol.lst-kix_ni9vfmhdf25p-1{list-style-type:none}.lst-kix_ni9vfmhdf25p-7>li:before{content:"" counter(lst-ctn-kix_ni9vfmhdf25p-7,lower-latin) ". "}.lst-kix_ni9vfmhdf25p-0>li{counter-increment:lst-ctn-kix_ni9vfmhdf25p-0}ol.lst-kix_ni9vfmhdf25p-0{list-style-type:none}.lst-kix_ni9vfmhdf25p-4>li:before{content:"" counter(lst-ctn-kix_ni9vfmhdf25p-4,lower-latin) ". "}ol.lst-kix_ni9vfmhdf25p-8.start{counter-reset:lst-ctn-kix_ni9vfmhdf25p-8 0}ol.lst-kix_ni9vfmhdf25p-1.start{counter-reset:lst-ctn-kix_ni9vfmhdf25p-1 0}ol.lst-kix_ni9vfmhdf25p-4.start{counter-reset:lst-ctn-kix_ni9vfmhdf25p-4 0}.lst-kix_ni9vfmhdf25p-8>li:before{content:"" counter(lst-ctn-kix_ni9vfmhdf25p-8,lower-roman) ". "}.lst-kix_ni9vfmhdf25p-0>li:before{content:"" counter(lst-ctn-kix_ni9vfmhdf25p-0,decimal) ". "}.lst-kix_ni9vfmhdf25p-6>li{counter-increment:lst-ctn-kix_ni9vfmhdf25p-6}ol.lst-kix_ni9vfmhdf25p-7.start{counter-reset:lst-ctn-kix_ni9vfmhdf25p-7 0}ol.lst-kix_ni9vfmhdf25p-2.start{counter-reset:lst-ctn-kix_ni9vfmhdf25p-2 0}.lst-kix_ni9vfmhdf25p-5>li:before{content:"" counter(lst-ctn-kix_ni9vfmhdf25p-5,lower-roman) ". "}.lst-kix_ni9vfmhdf25p-5>li{counter-increment:lst-ctn-kix_ni9vfmhdf25p-5}.lst-kix_ni9vfmhdf25p-6>li:before{content:"" counter(lst-ctn-kix_ni9vfmhdf25p-6,decimal) ". "}ol.lst-kix_ni9vfmhdf25p-5.start{counter-reset:lst-ctn-kix_ni9vfmhdf25p-5 0}ol.lst-kix_ni9vfmhdf25p-0.start{counter-reset:lst-ctn-kix_ni9vfmhdf25p-0 0}ol.lst-kix_ni9vfmhdf25p-3.start{counter-reset:lst-ctn-kix_ni9vfmhdf25p-3 0}.lst-kix_ni9vfmhdf25p-2>li:before{content:"" counter(lst-ctn-kix_ni9vfmhdf25p-2,lower-roman) ". "}.lst-kix_ni9vfmhdf25p-3>li{counter-increment:lst-ctn-kix_ni9vfmhdf25p-3}.lst-kix_ni9vfmhdf25p-3>li:before{content:"" counter(lst-ctn-kix_ni9vfmhdf25p-3,decimal) ". "}.lst-kix_ni9vfmhdf25p-8>li{counter-increment:lst-ctn-kix_ni9vfmhdf25p-8}.lst-kix_ni9vfmhdf25p-2>li{counter-increment:lst-ctn-kix_ni9vfmhdf25p-2}.lst-kix_ni9vfmhdf25p-4>li{counter-increment:lst-ctn-kix_ni9vfmhdf25p-4}.lst-kix_ni9vfmhdf25p-7>li{counter-increment:lst-ctn-kix_ni9vfmhdf25p-7}.lst-kix_ni9vfmhdf25p-1>li{counter-increment:lst-ctn-kix_ni9vfmhdf25p-1}.lst-kix_ni9vfmhdf25p-1>li:before{content:"" counter(lst-ctn-kix_ni9vfmhdf25p-1,lower-latin) ". "}ol.lst-kix_ni9vfmhdf25p-5{list-style-type:none}ol.lst-kix_ni9vfmhdf25p-6{list-style-type:none}ol.lst-kix_ni9vfmhdf25p-7{list-style-type:none}ol.lst-kix_ni9vfmhdf25p-8{list-style-type:none}ol{margin:0;padding:0}.c5{vertical-align:baseline;color:#000000;font-size:11pt;font-style:normal;font-family:"Arial";text-decoration:none;font-weight:normal}.c7{line-height:1.0;padding-top:0pt;text-align:left;direction:ltr;padding-bottom:0pt}.c20{max-width:583.2pt;background-color:#fdffe1;padding:21.6pt 14.4pt 21.6pt 14.4pt}.c0{widows:2;orphans:2;direction:ltr}.c17{padding-left:0pt;margin-left:36pt}.c15{padding-left:0pt;margin-left:72pt}.c9{color:#4a86e8;font-family:"Droid Sans Mono"}.c12{margin:5px;border:1px solid black}.c1{font-size:11pt;font-family:"Cambria"}.c3{height:10pt;margin-left:36pt}.c16{color:inherit;text-decoration:inherit}.c6{margin:0;padding:0}.c2{padding-left:0pt;margin-left:144pt}.c10{padding-left:0pt;margin-left:108pt}.c13{color:#1155cc;text-decoration:underline}.c8{height:10pt}.c4{font-weight:bold}.c14{font-family:"Droid Sans Mono"}.c19{page-break-after:avoid}.c22{text-decoration:underline}.c18{font-family:"Courier New"}.c21{font-size:26pt}.c11{color:#cc0000}.title{widows:2;padding-top:10pt;line-height:1.15;orphans:2;text-align:center;color:#000000;font-size:24pt;font-family:"Droid Sans";font-weight:bold;padding-bottom:0pt;page-break-after:avoid}.subtitle{widows:2;padding-top:0pt;line-height:1.15;orphans:2;text-align:left;color:#666666;font-style:italic;font-size:13pt;font-family:"Trebuchet MS";padding-bottom:10pt;page-break-after:avoid}li{color:#000000;font-size:10pt;font-family:"Consolas"}p{color:#000000;font-size:10pt;margin:0;font-family:"Consolas"}h1{widows:2;padding-top:0pt;line-height:1.15;orphans:2;text-align:left;color:#000000;font-size:20pt;text-decoration:underline;font-family:"Alegreya SC";padding-bottom:0pt}h2{widows:2;padding-top:10pt;line-height:1.15;orphans:2;text-align:left;color:#000000;font-size:13pt;font-family:"Trebuchet MS";font-weight:bold;padding-bottom:0pt;page-break-after:avoid}h3{widows:2;padding-top:8pt;line-height:1.15;orphans:2;text-align:left;color:#666666;font-size:12pt;font-family:"Trebuchet MS";font-weight:bold;padding-bottom:0pt;page-break-after:avoid}h4{widows:2;padding-top:8pt;line-height:1.15;orphans:2;text-align:left;color:#666666;font-size:11pt;text-decoration:underline;font-family:"Trebuchet MS";padding-bottom:0pt;page-break-after:avoid}h5{widows:2;padding-top:8pt;line-height:1.15;orphans:2;text-align:left;color:#666666;font-size:11pt;font-family:"Trebuchet MS";padding-bottom:0pt;page-break-after:avoid}h6{widows:2;padding-top:8pt;line-height:1.15;orphans:2;text-align:left;color:#666666;font-style:italic;font-size:11pt;font-family:"Trebuchet MS";padding-bottom:0pt;page-break-after:avoid}</style></head><body class="c20"><p class="c0 c19 title"><a name="h.1tpr72e62jhh"></a><span class="c21">MariaDB/MySQL Fun</span></p><p class="c0 c8"><span></span></p><p class="c0 c8"><span></span></p><h1 class="c0"><a name="h.elhw27ma2cd"></a><span>G</span><span>e</span><span>t MariaDB &amp; Inspect a Database</span></h1><p class="c0 c19 subtitle"><a name="h.xvfrppearlet"></a><span>You can use the following commands to install mariadb and download the database I created by parsing html from </span><span class="c13"><a class="c16" href="http://www.google.com/url?q=http%3A%2F%2Fa-z-animals.com%2Fanimals%2F&amp;sa=D&amp;sntz=1&amp;usg=AFQjCNEbETpuwy5UmhOE1FY62j_4M5Ovzg">a-z-animals.com/animals</a></span></p><p class="c0 c8"><span></span></p><p class="c0"><span>[rsaw:tmp]$ </span><span class="c4 c11">cat /etc/redhat-release</span></p><p class="c0"><span>Red Hat Enterpr</span><span class="c14">ise L</span><span>inux Workstation release 7.0 (Maipo)</span></p><p class="c0 c8"><span></span></p><p class="c0"><span>[rsaw:tmp]$ </span><span class="c4 c11">yum -y install @mariadb</span></p><p class="c0"><span>&hellip;</span></p><p class="c0 c8"><span></span></p><p class="c0"><span>[rsaw:tmp]$ </span><span class="c4 c11">systemctl enable mariadb</span></p><p class="c0"><span>ln -s &#39;/usr/lib/systemd/system/mariadb.service&#39; &#39;/etc/systemd/system/multi-user.target.wants/mariadb.service&#39;</span></p><p class="c0 c8"><span></span></p><p class="c0"><span>[rsaw:tmp]$ </span><span class="c4 c11">systemctl start mariadb</span></p><p class="c0 c8"><span></span></p><p class="c0"><span>[rsaw:tmp]$ </span><span class="c4 c11">xzcat  animals-dbdump.xz  &gt;animals-dbdump</span></p><p class="c0"><span>&nbsp; % Total&nbsp;&nbsp;&nbsp;&nbsp;&nbsp;&nbsp;&nbsp;&nbsp;% Received % Xferd &nbsp;Average Speed &nbsp; Time&nbsp;&nbsp;&nbsp;&nbsp;&nbsp;&nbsp;&nbsp;&nbsp;Time &nbsp;&nbsp;&nbsp;&nbsp;&nbsp;&nbsp;&nbsp;&nbsp;Time &nbsp;Current</span></p><p class="c0"><span>&nbsp; &nbsp; &nbsp; &nbsp; &nbsp; &nbsp; &nbsp; &nbsp; &nbsp; &nbsp; &nbsp; &nbsp; &nbsp; &nbsp; &nbsp;&nbsp;&nbsp;&nbsp;&nbsp;&nbsp;&nbsp;&nbsp;&nbsp;Dload &nbsp;Upload &nbsp; Total &nbsp; Spent&nbsp;&nbsp;&nbsp;&nbsp;&nbsp;&nbsp;&nbsp;&nbsp;Left &nbsp;Speed</span></p><p class="c0"><span>100 13500 &nbsp;100 13500&nbsp;&nbsp;&nbsp;&nbsp;&nbsp;&nbsp;&nbsp;&nbsp;0 &nbsp;&nbsp;&nbsp;&nbsp;&nbsp;&nbsp;&nbsp;&nbsp;0 &nbsp;59359 &nbsp;&nbsp;&nbsp;&nbsp;&nbsp;&nbsp;&nbsp;&nbsp;&nbsp;0 --:--:-- --:--:-- --:--:-- 59734</span></p><p class="c0 c8"><span></span></p><p class="c0"><span>[rsaw:tmp]$ </span><span class="c4 c11">mysql -u root &lt;&lt;&lt;&ldquo;create database animales;&rdquo;</span></p><p class="c0 c8"><span></span></p><p class="c0"><span>[rsaw:tmp]$ </span><span class="c4 c11">mysql -u root animales &lt;animals-dbdump</span></p><p class="c0 c8"><span></span></p><p class="c0"><span>[rsaw:tmp]$ </span><span class="c4 c11">mysql -u root</span></p><p class="c0"><span>Welcome to the MariaDB monitor. &nbsp;Commands end with ; or \g.</span></p><p class="c0"><span>Your MariaDB connection id is 7</span></p><p class="c0"><span>Server version: 5.5.40-MariaDB MariaDB Server</span></p><p class="c0 c8"><span></span></p><p class="c0"><span>Copyright (c) 2000, 2014, Oracle, Monty Program Ab and others.</span></p><p class="c0 c8"><span></span></p><p class="c0"><span>Type &#39;help;&#39; or &#39;\h&#39; for help. Type &#39;\c&#39; to clear the current input statement.</span></p><p class="c0 c8"><span></span></p><p class="c0"><span>MariaDB [(none)]&gt; </span><span class="c4 c11">use animales;</span></p><p class="c0"><span>Reading table information for completion of table and column names</span></p><p class="c0"><span>You can turn off this feature to get a quicker startup with -A</span></p><p class="c0 c8"><span></span></p><p class="c0"><span>Database changed</span></p><p class="c0"><span>MariaDB [animales]&gt; </span><span class="c4 c11">show tables;</span></p><p class="c0"><span>+--------------------+</span></p><p class="c0"><span>| Tables_in_animales |</span></p><p class="c0"><span>+--------------------+</span></p><p class="c0"><span>| common_names &nbsp; &nbsp; &nbsp; |</span></p><p class="c0"><span>| locations &nbsp; &nbsp; &nbsp; &nbsp; &nbsp;|</span></p><p class="c0"><span>| scientific_names &nbsp; |</span></p><p class="c0"><span>+--------------------+</span></p><p class="c0"><span>3 rows in set (0.00 sec)</span></p><p class="c0 c8"><span></span></p><p class="c0 c8"><span></span></p><p class="c0"><span>Ma</span><span class="c18">riaDB [ani</span><span>males]&gt; </span><span class="c4 c11">describe common_names;</span></p><p class="c0"><span>+-------+----------+------+-----+---------+----------------+</span></p><p class="c0"><span>| Field | Type &nbsp; &nbsp; | Null | Key | Default | Extra &nbsp; &nbsp; &nbsp;&nbsp;&nbsp;&nbsp;&nbsp;&nbsp;&nbsp;&nbsp;&nbsp; &nbsp; |</span></p><p class="c0"><span>+-------+----------+------+-----+---------+----------------+</span></p><p class="c0"><span>| id &nbsp; &nbsp;| int(11) &nbsp;| NO &nbsp; | PRI | NULL &nbsp; &nbsp;| auto_increment |</span></p><p class="c0"><span>| name &nbsp;| tinytext | YES &nbsp;| &nbsp; &nbsp; | NULL &nbsp; &nbsp;| &nbsp; &nbsp; &nbsp; &nbsp; &nbsp; &nbsp; &nbsp; &nbsp;|</span></p><p class="c0"><span>+-------+----------+------+-----+---------+----------------+</span></p><p class="c0"><span>2 rows in set (0.00 sec)</span></p><p class="c0 c8"><span></span></p><p class="c0 c8"><span></span></p><p class="c0"><span>MariaDB [animales]&gt; </span><span class="c4 c11">select count(*) from common_names;</span></p><p class="c0"><span>+----------+</span></p><p class="c0"><span>| count(*) |</span></p><p class="c0"><span>+----------+</span></p><p class="c0"><span>| &nbsp; &nbsp; &nbsp;591 |</span></p><p class="c0"><span>+----------+</span></p><p class="c0"><span>1 row in set (0.00 sec)</span></p><p class="c0 c8"><span></span></p><p class="c0 c8"><span></span></p><p class="c0"><span>MariaDB [animales]&gt; </span><span class="c4 c11">describe locations;</span></p><p class="c0"><span>+--------+----------+------+-----+---------+-------+</span></p><p class="c0"><span>| Field &nbsp;| Type &nbsp; &nbsp; | Null | Key | Default | Extra |</span></p><p class="c0"><span>+--------+----------+------+-----+---------+-------+</span></p><p class="c0"><span>| region | tinytext | YES &nbsp;| &nbsp; &nbsp; | NULL &nbsp; &nbsp;| &nbsp; &nbsp; &nbsp; |</span></p><p class="c0"><span>| name &nbsp; | tinytext | YES &nbsp;| &nbsp; &nbsp; | NULL &nbsp; &nbsp;| &nbsp; &nbsp; &nbsp; |</span></p><p class="c0"><span>+--------+----------+------+-----+---------+-------+</span></p><p class="c0"><span>2 rows in set (0.01 sec)</span></p><p class="c0 c8"><span></span></p><p class="c0 c8"><span></span></p><p class="c0"><span>MariaDB [animales]&gt; </span><span class="c4 c11">select count(*) from locations;</span></p><p class="c0"><span>+----------+</span></p><p class="c0"><span>| count(*) |</span></p><p class="c0"><span>+----------+</span></p><p class="c0"><span>| &nbsp; &nbsp; 1372 |</span></p><p class="c0"><span>+----------+</span></p><p class="c0"><span>1 row in set (0.00 sec)</span></p><p class="c0 c8"><span></span></p><p class="c0 c8"><span></span></p><p class="c0"><span>MariaDB [animales]&gt; </span><span class="c4 c11">describe scientific_names;</span></p><p class="c0"><span>+-------+----------+------+-----+---------+-------+</span></p><p class="c0"><span>| Field | Type &nbsp; &nbsp; | Null | Key | Default | Extra |</span></p><p class="c0"><span>+-------+----------+------+-----+---------+-------+</span></p><p class="c0"><span>| name &nbsp;| tinytext | YES &nbsp;| &nbsp; &nbsp; | NULL &nbsp; &nbsp;| &nbsp; &nbsp; &nbsp; |</span></p><p class="c0"><span>| id &nbsp; &nbsp;| int(11) &nbsp;| YES &nbsp;| &nbsp; &nbsp; | NULL &nbsp; &nbsp;| &nbsp; &nbsp; &nbsp; |</span></p><p class="c0"><span>+-------+----------+------+-----+---------+-------+</span></p><p class="c0"><span>2 rows in set (0.00 sec)</span></p><p class="c0 c8"><span></span></p><p class="c0 c8"><span></span></p><p class="c0"><span>MariaDB [animales]&gt; </span><span class="c4 c11">select count(*) from scientific_names;</span></p><p class="c0"><span>+----------+</span></p><p class="c0"><span>| count(*) |</span></p><p class="c0"><span>+----------+</span></p><p class="c0"><span>| &nbsp; &nbsp; &nbsp;444 |</span></p><p class="c0"><span>+----------+</span></p><p class="c0"><span>1 row in set (0.00 sec)</span></p><p class="c0 c8"><span></span></p><p class="c0 c8"><span></span></p><p class="c0"><span>MariaDB [animales]&gt; </span><span class="c4 c11">select * from locations where name = &quot;centipede&quot;;</span></p><p class="c0"><span>+---------------+-----------+</span></p><p class="c0"><span>| region &nbsp; &nbsp; &nbsp; &nbsp;| name &nbsp; &nbsp; &nbsp;|</span></p><p class="c0"><span>+---------------+-----------+</span></p><p class="c0"><span>| Antarctica &nbsp; &nbsp;| Centipede |</span></p><p class="c0"><span>| Arctic Ocean &nbsp;| Centipede |</span></p><p class="c0"><span>| Australia &nbsp; &nbsp; | Centipede |</span></p><p class="c0"><span>| Eurasia-Asia &nbsp;| Centipede |</span></p><p class="c0"><span>| Europe &nbsp; &nbsp; &nbsp; &nbsp;| Centipede |</span></p><p class="c0"><span>| South America | Centipede |</span></p><p class="c0"><span>+---------------+-----------+</span></p><p class="c0"><span>6 rows in set (0.00 sec)</span></p><p class="c0 c8"><span></span></p><p class="c0 c8"><span></span></p><p class="c0"><span>MariaDB [animales]&gt; </span><span class="c4 c11">select * from common_names where name = &quot;centipede&quot;;</span></p><p class="c0"><span>+------------+-----------+</span></p><p class="c0"><span>| id &nbsp; &nbsp; &nbsp; &nbsp; | name &nbsp; &nbsp; &nbsp;|</span></p><p class="c0"><span>+------------+-----------+</span></p><p class="c0"><span>| 1739526182 | Centipede |</span></p><p class="c0"><span>+------------+-----------+</span></p><p class="c0"><span>1 row in set (0.00 sec)</span></p><p class="c0 c8"><span></span></p><p class="c0 c8"><span></span></p><p class="c0"><span>MariaDB [animales]&gt; </span><span class="c4 c11">select * from scientific_names where id = 1739526182;</span></p><p class="c0"><span>+-----------+------------+</span></p><p class="c0"><span>| name &nbsp; &nbsp; &nbsp;| id &nbsp; &nbsp; &nbsp; &nbsp; |</span></p><p class="c0"><span>+-----------+------------+</span></p><p class="c0"><span>| Chilopoda | 1739526182 |</span></p><p class="c0"><span>+-----------+------------+</span></p><p class="c0"><span>1 row in set (0.00 sec)</span></p><p class="c0 c8"><span></span></p><p class="c0 c8"><span></span></p><p class="c0 c8"><span></span></p><h1 class="c0"><a name="h.epxi1ss158mm"></a><span>Exercise Time</span></h1><p class="c0 c19 subtitle"><a name="h.om7qs64o7yl"></a><span>Now that you see what the db looks like &hellip; Here&rsquo;s what I put in my RHEL7 RH254 supplementary comp review for onboarding new-hires in GSS/CEE (Red Hat technical support)</span></p><p class="c0 c8"><span></span></p><ol class="c6 lst-kix_ni9vfmhdf25p-0 start" start="1"><li class="c0 c17"><span class="c1">Setup a database service on server </span><span class="c1">which is locked down so as not to allow root login from remote hosts; root password should be</span><span class="c9">&nbsp;rizzlerizzle</span><sup><a href="#cmnt1" name="cmnt_ref1">[a]</a></sup></li></ol><ol class="c6 lst-kix_ni9vfmhdf25p-1 start" start="1"><li class="c0 c15"><span class="c1">Create </span><span class="c1">a new</span><span class="c9">&nbsp;deskadmin@10.177.</span><span class="c9 c22">X</span><span class="c9">.10 </span><span class="c1">user</span><sup><a href="#cmnt2" name="cmnt_ref2">[b]</a></sup><span class="c1">&nbsp;which has the </span><span class="c1">ability to create new users</span><sup><a href="#cmnt3" name="cmnt_ref3">[c]</a></sup></li></ol><p class="c0 c8"><span class="c1"></span></p><ol class="c6 lst-kix_ni9vfmhdf25p-0" start="2"><li class="c0 c17"><span class="c1">Create a new</span><span class="c9">&nbsp;animales </span><span class="c1">database on server by using the file available at</span><span class="c1"><a class="c16" href="http://www.google.com/url?q=http%3A%2F%2Ffile.rdu.redhat.com%2F~rsawhill%2Fonboarding%2FRH254-SA3%2Fanimals-dbdump.xz&amp;sa=D&amp;sntz=1&amp;usg=AFQjCNGMidaAa5gXODKnp-IhCIxTtUa7Rw">&nbsp;</a></span><span class="c9"><a class="c16" href="http://www.google.com/url?q=http%3A%2F%2Ffile.rdu.redhat.com%2F~rsawhill%2Fonboarding%2FRH254-SA3%2Fanimals-dbdump.xz&amp;sa=D&amp;sntz=1&amp;usg=AFQjCNGMidaAa5gXODKnp-IhCIxTtUa7Rw">people.redhat.com/rsawhill/animals-dbdump.xz</a></span><sup><a href="#cmnt4" name="cmnt_ref4">[d]</a></sup></li></ol><p class="c0 c3"><span class="c1"></span></p><ol class="c6 lst-kix_ni9vfmhdf25p-1" start="2"><li class="c0 c15"><span class="c1">Create a new</span><span class="c9">&nbsp;zookeeper </span><span class="c1">user (available from any host with a password of</span><span class="c9">&nbsp;zezlebee </span><span class="c1">)</span><sup><a href="#cmnt5" name="cmnt_ref5">[e]</a></sup><span class="c1">&nbsp;which has </span><span class="c1">read privileges on the whole</span><span class="c9">&nbsp;animales </span><span class="c1">db</span><sup><a href="#cmnt6" name="cmnt_ref6">[f]</a></sup></li></ol><p class="c0 c3"><span class="c1"></span></p><ol class="c6 lst-kix_ni9vfmhdf25p-1" start="3"><li class="c0 c15"><span class="c1">Gather answers:</span></li></ol><ol class="c6 lst-kix_ni9vfmhdf25p-2 start" start="1"><li class="c0 c10"><span class="c1">How many animals are in the database?</span><sup><a href="#cmnt7" name="cmnt_ref7">[g]</a></sup></li><li class="c0 c10"><span class="c1">Find the id # of the</span><span class="c9">&nbsp;Monte Iberia Eleuth</span><sup><a href="#cmnt8" name="cmnt_ref8">[h]</a></sup></li><li class="c0 c10"><span class="c1">Find the scientific name for the</span><span class="c9">&nbsp;Caiman Lizard</span><sup><a href="#cmnt9" name="cmnt_ref9">[i]</a></sup></li><li class="c0 c10"><span class="c1">In which regions of the world can the</span><span class="c9">&nbsp;gecko </span><span class="c1">be found?</span><sup><a href="#cmnt10" name="cmnt_ref10">[j]</a></sup></li><li class="c0 c10"><span class="c1">In which regions can</span><span class="c9">&nbsp;Erethizon Dorsaum </span><span class="c1">be found?</span><sup><a href="#cmnt11" name="cmnt_ref11">[k]</a></sup></li><li class="c0 c10"><span class="c1">Find the scientific names of 5 Antarctic creatures which can also be found elsewhere in the world</span><sup><a href="#cmnt12" name="cmnt_ref12">[l]</a></sup></li></ol><p class="c0 c3"><span class="c1"></span></p><ol class="c6 lst-kix_ni9vfmhdf25p-1" start="4"><li class="c0 c15"><span class="c1">Update the database with the following information:</span></li></ol><ol class="c6 lst-kix_ni9vfmhdf25p-2 start" start="1"><li class="c0 c10"><span class="c9">Dermaptera </span><span class="c1">is the scientific name for an earwig</span></li><li class="c0 c10"><span class="c9">Astrochelys radiata </span><span class="c1">is the scientific name for a radiated tortoise</span></li><li class="c0 c10"><span class="c9">Daubentonia madagascariensis </span><span class="c1">is the scientific name for an aye aye</span><sup><a href="#cmnt13" name="cmnt_ref13">[m]</a></sup></li></ol><p class="c0 c3"><span class="c1"></span></p><ol class="c6 lst-kix_ni9vfmhdf25p-1" start="5"><li class="c0 c15"><span class="c1">Configure a nightly (time at your discretion) cron job that does a logical backup of the</span><span class="c9">&nbsp;animales </span><span class="c1">database</span></li></ol><ol class="c6 lst-kix_ni9vfmhdf25p-2 start" start="1"><li class="c0 c10"><span class="c1">Files should be xz-compressed and saved in</span><span class="c9">&nbsp;/var/backup/mysql </span><span class="c1">with file names which include the date and time -- format should match this example:</span></li></ol><ol class="c6 lst-kix_ni9vfmhdf25p-3 start" start="1"><li class="c0 c2"><span class="c9">animales-2014-12-13-05:46.xz</span></li></ol><ol class="c6 lst-kix_ni9vfmhdf25p-2" start="2"><li class="c0 c10"><span class="c1">Run the first backup manually</span></li></ol><p class="c0 c8"><span></span></p><div class="c12"><p class="c7"><a href="#cmnt_ref1" name="cmnt1">[a]</a><span class="c5">Run *mysql_secure_installation* to accomplish this</span></p></div><div class="c12"><p class="c7"><a href="#cmnt_ref2" name="cmnt2">[b]</a><span class="c5">*sql:*</span></p><p class="c7"><span class="c5">CREATE USER deskadmin@10.177.X.10;</span></p><p class="c7 c8"><span class="c5"></span></p><p class="c7"><span class="c5">Didn&#39;t mention a password, so don&#39;t set one.</span></p></div><div class="c12"><p class="c7"><a href="#cmnt_ref3" name="cmnt3">[c]</a><span class="c5">*sql:*</span></p><p class="c7"><span class="c5">GRANT CREATE USER ON &quot;*.*&quot; TO deskadmin@10.177.5.10;</span></p><p class="c7 c8"><span class="c5"></span></p><p class="c7"><span class="c5">(Take away the quotes -- I put them there to prevent google from bolding the period.)</span></p></div><div class="c12"><p class="c7"><a href="#cmnt_ref4" name="cmnt4">[d]</a><span class="c5">This was covered in the walk-thru above</span></p></div><div class="c12"><p class="c7"><a href="#cmnt_ref5" name="cmnt5">[e]</a><span class="c5">*sql:*</span></p><p class="c7"><span class="c5">CREATE USER zookeeper IDENTIFIED BY &quot;zezlebee&quot;;</span></p></div><div class="c12"><p class="c7"><a href="#cmnt_ref6" name="cmnt6">[f]</a><span class="c5">*sql:*</span></p><p class="c7"><span class="c5">GRANT SELECT ON animales.* TO zookeper;</span></p></div><div class="c12"><p class="c7"><a href="#cmnt_ref7" name="cmnt7">[g]</a><span class="c5">*sql:*</span></p><p class="c7"><span class="c5">SELECT COUNT(*) FROM common_names;</span></p><p class="c7 c8"><span class="c5"></span></p><p class="c7"><span class="c5">*or more simply if you&#39;ve never used COUNT:*</span></p><p class="c7"><span class="c5">SELECT * FROM common_names;</span></p><p class="c7 c8"><span class="c5"></span></p><p class="c7"><span class="c5">(The answer should be 591.)</span></p></div><div class="c12"><p class="c7"><a href="#cmnt_ref8" name="cmnt8">[h]</a><span class="c5">That&#39;s an odd name. Not sure if a scientific name or not, so start with the common_names table first.</span></p><p class="c7 c8"><span class="c5"></span></p><p class="c7"><span class="c5">*sql*:</span></p><p class="c7"><span class="c5">SELECT * FROM common_names WHERE name = &quot;Monte Iberia Eleuth&quot;;</span></p><p class="c7 c8"><span class="c5"></span></p><p class="c7"><span class="c5">That should get you the answer.</span></p></div><div class="c12"><p class="c7"><a href="#cmnt_ref9" name="cmnt9">[i]</a><span class="c5">This will get you the id</span></p><p class="c7"><span class="c5">*sql*: SELECT * FROM common_names WHERE name = &quot;caiman lizard&quot;;</span></p><p class="c7 c8"><span class="c5"></span></p><p class="c7"><span class="c5">After that you can use the id to find the scientific name, i.e.:</span></p><p class="c7"><span class="c5">*sql:* SELECT * FROM scientific_names WHERE id = XXXXXX;</span></p><p class="c7 c8"><span class="c5"></span></p><p class="c7"><span class="c5">It&#39;s not required, but you can do nested select statements, i.e., in this case:</span></p><p class="c7 c8"><span class="c5"></span></p><p class="c7"><span class="c5">*sql:* SELECT name FROM scientific_names WHERE id = (SELECT id FROM common_names WHERE name = &quot;caiman lizard&quot;);</span></p></div><div class="c12"><p class="c7"><a href="#cmnt_ref10" name="cmnt10">[j]</a><span class="c5">*sql:* SELECT * FROM locations WHERE name = &quot;gecko&quot;;</span></p></div><div class="c12"><p class="c7"><a href="#cmnt_ref11" name="cmnt11">[k]</a><span class="c5">Sounds like a scientific name right? Start there in hopes of finding an id.</span></p><p class="c7"><span class="c5">*sql:* SELECT * FROM scientific_names WHERE name = &quot;Erethizon Dorsaum&quot;;</span></p><p class="c7 c8"><span class="c5"></span></p><p class="c7"><span class="c5">Yay. Now map that id to a common name.</span></p><p class="c7"><span class="c5">*sql:* SELECT * FROM common_names WHERE id = XXXXXX;</span></p><p class="c7 c8"><span class="c5"></span></p><p class="c7"><span class="c5">Once you have the animal name, check for that in all regions.</span></p><p class="c7"><span class="c5">*sql:* SELECT * FROM locations WHERE name = &quot;animal-name-here&quot;;</span></p><p class="c7 c8"><span class="c5"></span></p><p class="c7"><span class="c5">DONE!</span></p><p class="c7 c8"><span class="c5"></span></p><p class="c7"><span class="c5">If that works for you, it&#39;s okay to stop there. Personally, I&#39;d much rather not have to start with something I don&#39;t need and then run 3 commands to get where I&#39;m going. Instead ....</span></p><p class="c7"><span class="c5">*sql:* </span></p><p class="c7"><span class="c5">SELECT * FROM locations WHERE name = (SELECT name FROM common_names WHERE id = (SELECT id FROM scientific_names WHERE name = &quot;Erethizon Dorsaum&quot;));</span></p></div><div class="c12"><p class="c7"><a href="#cmnt_ref12" name="cmnt12">[l]</a><span class="c5">You can solve this with the most basic select statements and a few minutes of work. Start by looking at what can be found in Antarctica.</span></p><p class="c7"><span class="c5">*sql:* SELECT * FROM locations WHERE region = &quot;Antarctica&quot;;</span></p><p class="c7 c8"><span class="c5"></span></p><p class="c7"><span class="c5">Next, pick an animal that looks like it&#39;s probably not only found in Antarctica (e.g., &quot;Fly&quot;) and check it.</span></p><p class="c7"><span class="c5">*sql:* SELECT * FROM locations WHERE name = &quot;Fly&quot;;</span></p><p class="c7 c8"><span class="c5"></span></p><p class="c7"><span class="c5">With some educated guessing you should find 5 real quick.</span></p><p class="c7 c8"><span class="c5"></span></p><p class="c7"><span class="c5">That said, the following are some more advanced queries you _could_ use to speed up the process. </span></p><p class="c7 c8"><span class="c5"></span></p><p class="c7"><span class="c5">This first one will immediately make it clear which creatures are in 5 or more regions.</span></p><p class="c7"><span class="c5">*sql:* SELECT name, COUNT(name) as num_regions FROM locations WHERE name in (SELECT name FROM locations WHERE region = &quot;Antarctica&quot;) GROUP BY name HAVING num_regions &gt;4;</span></p><p class="c7 c8"><span class="c5"></span></p><p class="c7"><span class="c5">That&#39;s pretty fancy eh? Well guess what -- with a minor tweak we can use the above as input for a loop to get the scientific names.</span></p><p class="c7"><span class="c5">*sql:* SELECT name FROM scientific_names WHERE id IN (SELECT id FROM common_names WHERE name IN (SELECT name FROM locations WHERE name in (SELECT name FROM locations WHERE region = &quot;Antarctica&quot;) GROUP BY name HAVING COUNT(name) &gt;1));</span></p></div><div class="c12"><p class="c7"><a href="#cmnt_ref13" name="cmnt13">[m]</a><span class="c5">The process for all 3 of these is the same.</span></p><p class="c7 c8"><span class="c5"></span></p><p class="c7"><span class="c5">From what we&#39;ve done so far, we know the scientific_names table requires an id, so first we need to find the id of earwig.</span></p><p class="c7 c8"><span class="c5"></span></p><p class="c7"><span class="c5">*sql:* SELECT id FROM common_names WHERE name = &quot;earwig&quot;;</span></p><p class="c7 c8"><span class="c5"></span></p><p class="c7"><span class="c5">Once we have that number ...</span></p><p class="c7 c8"><span class="c5"></span></p><p class="c7"><span class="c5">*sql:* INSERT INTO scientific_names SET id=XXXXXX, name=&quot;Dermaptera&quot;;</span></p><p class="c7 c8"><span class="c5"></span></p><p class="c7"><span class="c5">Rinse and repeat for each one.</span></p></div></body></html>
